EmployeeID,Name,Email,Position
101,Employee 101,employee101@example.com,DevOps Engineer
102,Employee 102,employee102@example.com,HR Specialist
103,Employee 103,employee103@example.com,Software Engineer
104,Employee 104,employee104@example.com,HR Specialist
105,Employee 105,employee105@example.com,Marketing Manager
106,Employee 106,employee106@example.com,Marketing Manager
107,Employee 107,employee107@example.com,Software Engineer
108,Employee 108,employee108@example.com,Software Engineer
109,Employee 109,employee109@example.com,Data Analyst
110,Employee 110,employee110@example.com,Software Engineer
111,Employee 111,employee111@example.com,Product Manager
112,Employee 112,employee112@example.com,HR Specialist
113,Employee 113,employee113@example.com,Marketing Manager
114,Employee 114,employee114@example.com,Sales Executive
115,Employee 115,employee115@example.com,Data Analyst
116,Employee 116,employee116@example.com,Sales Executive
117,Employee 117,employee117@example.com,Project Manager
118,Employee 118,employee118@example.com,Software Engineer
119,Employee 119,employee119@example.com,Product Manager
120,Employee 120,employee120@example.com,DevOps Engineer
121,Employee 121,employee121@example.com,HR Specialist
122,Employee 122,employee122@example.com,Product Manager
123,Employee 123,employee123@example.com,Project Manager
124,Employee 124,employee124@example.com,Data Analyst
125,Employee 125,employee125@example.com,Project Manager
126,Employee 126,employee126@example.com,Marketing Manager
127,Employee 127,employee127@example.com,Sales Executive
128,Employee 128,employee128@example.com,Marketing Manager
129,Employee 129,employee129@example.com,Product Manager
130,Employee 130,employee130@example.com,Product Manager
131,Employee 131,employee131@example.com,Product Manager
132,Employee 132,employee132@example.com,Marketing Manager
133,Employee 133,employee133@example.com,DevOps Engineer
134,Employee 134,employee134@example.com,Project Manager
135,Employee 135,employee135@example.com,Sales Executive
136,Employee 136,employee136@example.com,Marketing Manager
137,Employee 137,employee137@example.com,Sales Executive
138,Employee 138,employee138@example.com,Product Manager
139,Employee 139,employee139@example.com,Data Analyst
140,Employee 140,employee140@example.com,Marketing Manager
141,Employee 141,employee141@example.com,Sales Executive
142,Employee 142,employee142@example.com,HR Specialist
143,Employee 143,employee143@example.com,Marketing Manager
144,Employee 144,employee144@example.com,DevOps Engineer
145,Employee 145,employee145@example.com,Project Manager
146,Employee 146,employee146@example.com,Data Analyst
147,Employee 147,employee147@example.com,Project Manager
148,Employee 148,employee148@example.com,Data Analyst
149,Employee 149,employee149@example.com,Product Manager
150,Employee 150,employee150@example.com,Software Engineer
151,Employee 151,employee151@example.com,Marketing Manager
152,Employee 152,employee152@example.com,Sales Executive
153,Employee 153,employee153@example.com,Project Manager
154,Employee 154,employee154@example.com,Software Engineer
155,Employee 155,employee155@example.com,Data Analyst
156,Employee 156,employee156@example.com,HR Specialist
157,Employee 157,employee157@example.com,Sales Executive
158,Employee 158,employee158@example.com,Project Manager
159,Employee 159,employee159@example.com,DevOps Engineer
160,Employee 160,employee160@example.com,Marketing Manager
161,Employee 161,employee161@example.com,Data Analyst
162,Employee 162,employee162@example.com,Marketing Manager
163,Employee 163,employee163@example.com,Software Engineer
164,Employee 164,employee164@example.com,Marketing Manager
165,Employee 165,employee165@example.com,Data Analyst
166,Employee 166,employee166@example.com,DevOps Engineer
167,Employee 167,employee167@example.com,Marketing Manager
168,Employee 168,employee168@example.com,Marketing Manager
169,Employee 169,employee169@example.com,Data Analyst
170,Employee 170,employee170@example.com,Sales Executive
171,Employee 171,employee171@example.com,Data Analyst
172,Employee 172,employee172@example.com,Sales Executive
173,Employee 173,employee173@example.com,Sales Executive
174,Employee 174,employee174@example.com,Product Manager
175,Employee 175,employee175@example.com,HR Specialist
176,Employee 176,employee176@example.com,Project Manager
177,Employee 177,employee177@example.com,DevOps Engineer
178,Employee 178,employee178@example.com,Project Manager
179,Employee 179,employee179@example.com,Software Engineer
180,Employee 180,employee180@example.com,Marketing Manager
181,Employee 181,employee181@example.com,HR Specialist
182,Employee 182,employee182@example.com,HR Specialist
183,Employee 183,employee183@example.com,Marketing Manager
184,Employee 184,employee184@example.com,DevOps Engineer
185,Employee 185,employee185@example.com,Sales Executive
186,Employee 186,employee186@example.com,Data Analyst
187,Employee 187,employee187@example.com,Software Engineer
188,Employee 188,employee188@example.com,HR Specialist
189,Employee 189,employee189@example.com,Data Analyst
190,Employee 190,employee190@example.com,Software Engineer
191,Employee 191,employee191@example.com,HR Specialist
192,Employee 192,employee192@example.com,Software Engineer
193,Employee 193,employee193@example.com,Project Manager
194,Employee 194,employee194@example.com,DevOps Engineer
195,Employee 195,employee195@example.com,Project Manager
196,Employee 196,employee196@example.com,Marketing Manager
197,Employee 197,employee197@example.com,Product Manager
198,Employee 198,employee198@example.com,Sales Executive
199,Employee 199,employee199@example.com,DevOps Engineer
200,Employee 200,employee200@example.com,Project Manager
201,Employee 201,employee201@example.com,DevOps Engineer
202,Employee 202,employee202@example.com,HR Specialist
203,Employee 203,employee203@example.com,Data Analyst
204,Employee 204,employee204@example.com,Sales Executive
205,Employee 205,employee205@example.com,Software Engineer
206,Employee 206,employee206@example.com,Sales Executive
207,Employee 207,employee207@example.com,Marketing Manager
208,Employee 208,employee208@example.com,HR Specialist
209,Employee 209,employee209@example.com,Data Analyst
210,Employee 210,employee210@example.com,Marketing Manager
211,Employee 211,employee211@example.com,HR Specialist
212,Employee 212,employee212@example.com,Software Engineer
213,Employee 213,employee213@example.com,DevOps Engineer
214,Employee 214,employee214@example.com,Software Engineer
215,Employee 215,employee215@example.com,Data Analyst
216,Employee 216,employee216@example.com,Product Manager
217,Employee 217,employee217@example.com,Product Manager
218,Employee 218,employee218@example.com,HR Specialist
219,Employee 219,employee219@example.com,Product Manager
220,Employee 220,employee220@example.com,Data Analyst
221,Employee 221,employee221@example.com,Marketing Manager
222,Employee 222,employee222@example.com,HR Specialist
223,Employee 223,employee223@example.com,Sales Executive
224,Employee 224,employee224@example.com,Product Manager
225,Employee 225,employee225@example.com,Marketing Manager
226,Employee 226,employee226@example.com,HR Specialist
227,Employee 227,employee227@example.com,Data Analyst
228,Employee 228,employee228@example.com,HR Specialist
229,Employee 229,employee229@example.com,Marketing Manager
230,Employee 230,employee230@example.com,Project Manager
231,Employee 231,employee231@example.com,HR Specialist
232,Employee 232,employee232@example.com,Data Analyst
233,Employee 233,employee233@example.com,DevOps Engineer
234,Employee 234,employee234@example.com,Sales Executive
235,Employee 235,employee235@example.com,Product Manager
236,Employee 236,employee236@example.com,Marketing Manager
237,Employee 237,employee237@example.com,Data Analyst
238,Employee 238,employee238@example.com,DevOps Engineer
239,Employee 239,employee239@example.com,Product Manager
240,Employee 240,employee240@example.com,Software Engineer
241,Employee 241,employee241@example.com,Software Engineer
242,Employee 242,employee242@example.com,Software Engineer
243,Employee 243,employee243@example.com,Sales Executive
244,Employee 244,employee244@example.com,Product Manager
245,Employee 245,employee245@example.com,Marketing Manager
246,Employee 246,employee246@example.com,Sales Executive
247,Employee 247,employee247@example.com,Sales Executive
248,Employee 248,employee248@example.com,Marketing Manager
249,Employee 249,employee249@example.com,Marketing Manager
250,Employee 250,employee250@example.com,Product Manager
251,Employee 251,employee251@example.com,Marketing Manager
252,Employee 252,employee252@example.com,Product Manager
253,Employee 253,employee253@example.com,Sales Executive
254,Employee 254,employee254@example.com,Data Analyst
255,Employee 255,employee255@example.com,DevOps Engineer
256,Employee 256,employee256@example.com,Project Manager
257,Employee 257,employee257@example.com,Software Engineer
258,Employee 258,employee258@example.com,DevOps Engineer
259,Employee 259,employee259@example.com,Software Engineer
260,Employee 260,employee260@example.com,HR Specialist
261,Employee 261,employee261@example.com,DevOps Engineer
262,Employee 262,employee262@example.com,Sales Executive
263,Employee 263,employee263@example.com,Marketing Manager
264,Employee 264,employee264@example.com,Sales Executive
265,Employee 265,employee265@example.com,HR Specialist
266,Employee 266,employee266@example.com,Sales Executive
267,Employee 267,employee267@example.com,HR Specialist
268,Employee 268,employee268@example.com,Marketing Manager
269,Employee 269,employee269@example.com,Data Analyst
270,Employee 270,employee270@example.com,Product Manager
271,Employee 271,employee271@example.com,Product Manager
272,Employee 272,employee272@example.com,Software Engineer
273,Employee 273,employee273@example.com,Data Analyst
274,Employee 274,employee274@example.com,Sales Executive
275,Employee 275,employee275@example.com,DevOps Engineer
276,Employee 276,employee276@example.com,Marketing Manager
277,Employee 277,employee277@example.com,Marketing Manager
278,Employee 278,employee278@example.com,Software Engineer
279,Employee 279,employee279@example.com,Project Manager
280,Employee 280,employee280@example.com,Product Manager
281,Employee 281,employee281@example.com,Marketing Manager
282,Employee 282,employee282@example.com,HR Specialist
283,Employee 283,employee283@example.com,Sales Executive
284,Employee 284,employee284@example.com,Sales Executive
285,Employee 285,employee285@example.com,Marketing Manager
286,Employee 286,employee286@example.com,Sales Executive
287,Employee 287,employee287@example.com,DevOps Engineer
288,Employee 288,employee288@example.com,Product Manager
289,Employee 289,employee289@example.com,Product Manager
290,Employee 290,employee290@example.com,Data Analyst
291,Employee 291,employee291@example.com,Product Manager
292,Employee 292,employee292@example.com,Sales Executive
293,Employee 293,employee293@example.com,DevOps Engineer
294,Employee 294,employee294@example.com,Sales Executive
295,Employee 295,employee295@example.com,DevOps Engineer
296,Employee 296,employee296@example.com,Data Analyst
297,Employee 297,employee297@example.com,Data Analyst
298,Employee 298,employee298@example.com,Sales Executive
299,Employee 299,employee299@example.com,Product Manager
300,Employee 300,employee300@example.com,Sales Executive
301,Employee 301,employee301@example.com,HR Specialist
302,Employee 302,employee302@example.com,Software Engineer
303,Employee 303,employee303@example.com,Project Manager
304,Employee 304,employee304@example.com,Product Manager
305,Employee 305,employee305@example.com,Data Analyst
306,Employee 306,employee306@example.com,Marketing Manager
307,Employee 307,employee307@example.com,Sales Executive
308,Employee 308,employee308@example.com,DevOps Engineer
309,Employee 309,employee309@example.com,Marketing Manager
310,Employee 310,employee310@example.com,Sales Executive
311,Employee 311,employee311@example.com,Project Manager
312,Employee 312,employee312@example.com,Software Engineer
313,Employee 313,employee313@example.com,DevOps Engineer
314,Employee 314,employee314@example.com,Software Engineer
315,Employee 315,employee315@example.com,HR Specialist
316,Employee 316,employee316@example.com,Software Engineer
317,Employee 317,employee317@example.com,Marketing Manager
318,Employee 318,employee318@example.com,Marketing Manager
319,Employee 319,employee319@example.com,Software Engineer
320,Employee 320,employee320@example.com,Project Manager
321,Employee 321,employee321@example.com,Data Analyst
322,Employee 322,employee322@example.com,HR Specialist
323,Employee 323,employee323@example.com,Sales Executive
324,Employee 324,employee324@example.com,HR Specialist
325,Employee 325,employee325@example.com,HR Specialist
326,Employee 326,employee326@example.com,HR Specialist
327,Employee 327,employee327@example.com,HR Specialist
328,Employee 328,employee328@example.com,Project Manager
329,Employee 329,employee329@example.com,Sales Executive
330,Employee 330,employee330@example.com,DevOps Engineer
331,Employee 331,employee331@example.com,Sales Executive
332,Employee 332,employee332@example.com,Sales Executive
333,Employee 333,employee333@example.com,DevOps Engineer
334,Employee 334,employee334@example.com,Software Engineer
335,Employee 335,employee335@example.com,DevOps Engineer
336,Employee 336,employee336@example.com,Project Manager
337,Employee 337,employee337@example.com,Project Manager
338,Employee 338,employee338@example.com,Sales Executive
339,Employee 339,employee339@example.com,Marketing Manager
340,Employee 340,employee340@example.com,Marketing Manager
341,Employee 341,employee341@example.com,Software Engineer
342,Employee 342,employee342@example.com,Software Engineer
343,Employee 343,employee343@example.com,Marketing Manager
344,Employee 344,employee344@example.com,Sales Executive
345,Employee 345,employee345@example.com,Marketing Manager
346,Employee 346,employee346@example.com,Software Engineer
347,Employee 347,employee347@example.com,Software Engineer
348,Employee 348,employee348@example.com,Marketing Manager
349,Employee 349,employee349@example.com,Sales Executive
350,Employee 350,employee350@example.com,DevOps Engineer
351,Employee 351,employee351@example.com,Software Engineer
352,Employee 352,employee352@example.com,Marketing Manager
353,Employee 353,employee353@example.com,Software Engineer
354,Employee 354,employee354@example.com,DevOps Engineer
355,Employee 355,employee355@example.com,Software Engineer
356,Employee 356,employee356@example.com,Sales Executive
357,Employee 357,employee357@example.com,Product Manager
358,Employee 358,employee358@example.com,Marketing Manager
359,Employee 359,employee359@example.com,Product Manager
360,Employee 360,employee360@example.com,DevOps Engineer
361,Employee 361,employee361@example.com,Marketing Manager
362,Employee 362,employee362@example.com,Marketing Manager
363,Employee 363,employee363@example.com,Project Manager
364,Employee 364,employee364@example.com,Project Manager
365,Employee 365,employee365@example.com,Project Manager
366,Employee 366,employee366@example.com,HR Specialist
367,Employee 367,employee367@example.com,Software Engineer
368,Employee 368,employee368@example.com,DevOps Engineer
369,Employee 369,employee369@example.com,Product Manager
370,Employee 370,employee370@example.com,Software Engineer
371,Employee 371,employee371@example.com,HR Specialist
372,Employee 372,employee372@example.com,Software Engineer
373,Employee 373,employee373@example.com,Project Manager
374,Employee 374,employee374@example.com,Project Manager
375,Employee 375,employee375@example.com,HR Specialist
376,Employee 376,employee376@example.com,Data Analyst
377,Employee 377,employee377@example.com,Data Analyst
378,Employee 378,employee378@example.com,Marketing Manager
379,Employee 379,employee379@example.com,Marketing Manager
380,Employee 380,employee380@example.com,Product Manager
381,Employee 381,employee381@example.com,DevOps Engineer
382,Employee 382,employee382@example.com,Sales Executive
383,Employee 383,employee383@example.com,Project Manager
384,Employee 384,employee384@example.com,Sales Executive
385,Employee 385,employee385@example.com,Data Analyst
386,Employee 386,employee386@example.com,Product Manager
387,Employee 387,employee387@example.com,HR Specialist
388,Employee 388,employee388@example.com,Data Analyst
389,Employee 389,employee389@example.com,DevOps Engineer
390,Employee 390,employee390@example.com,HR Specialist
391,Employee 391,employee391@example.com,Software Engineer
392,Employee 392,employee392@example.com,Marketing Manager
393,Employee 393,employee393@example.com,Product Manager
394,Employee 394,employee394@example.com,Sales Executive
395,Employee 395,employee395@example.com,DevOps Engineer
396,Employee 396,employee396@example.com,Software Engineer
397,Employee 397,employee397@example.com,HR Specialist
398,Employee 398,employee398@example.com,DevOps Engineer
399,Employee 399,employee399@example.com,Data Analyst
400,Employee 400,employee400@example.com,Software Engineer
401,Employee 401,employee401@example.com,Marketing Manager
402,Employee 402,employee402@example.com,Sales Executive
403,Employee 403,employee403@example.com,Sales Executive
404,Employee 404,employee404@example.com,Marketing Manager
405,Employee 405,employee405@example.com,Project Manager
406,Employee 406,employee406@example.com,Sales Executive
407,Employee 407,employee407@example.com,Product Manager
408,Employee 408,employee408@example.com,Project Manager
409,Employee 409,employee409@example.com,Marketing Manager
410,Employee 410,employee410@example.com,HR Specialist
411,Employee 411,employee411@example.com,Software Engineer
412,Employee 412,employee412@example.com,Product Manager
413,Employee 413,employee413@example.com,HR Specialist
414,Employee 414,employee414@example.com,HR Specialist
415,Employee 415,employee415@example.com,Project Manager
416,Employee 416,employee416@example.com,Project Manager
417,Employee 417,employee417@example.com,Sales Executive
418,Employee 418,employee418@example.com,DevOps Engineer
419,Employee 419,employee419@example.com,DevOps Engineer
420,Employee 420,employee420@example.com,Sales Executive
421,Employee 421,employee421@example.com,Sales Executive
422,Employee 422,employee422@example.com,Product Manager
423,Employee 423,employee423@example.com,Data Analyst
424,Employee 424,employee424@example.com,Data Analyst
425,Employee 425,employee425@example.com,Data Analyst
426,Employee 426,employee426@example.com,Marketing Manager
427,Employee 427,employee427@example.com,Marketing Manager
428,Employee 428,employee428@example.com,Marketing Manager
429,Employee 429,employee429@example.com,Data Analyst
430,Employee 430,employee430@example.com,Software Engineer
431,Employee 431,employee431@example.com,Data Analyst
432,Employee 432,employee432@example.com,HR Specialist
433,Employee 433,employee433@example.com,Sales Executive
434,Employee 434,employee434@example.com,Software Engineer
435,Employee 435,employee435@example.com,Data Analyst
436,Employee 436,employee436@example.com,HR Specialist
437,Employee 437,employee437@example.com,HR Specialist
438,Employee 438,employee438@example.com,Marketing Manager
439,Employee 439,employee439@example.com,Sales Executive
440,Employee 440,employee440@example.com,DevOps Engineer
441,Employee 441,employee441@example.com,Data Analyst
442,Employee 442,employee442@example.com,DevOps Engineer
443,Employee 443,employee443@example.com,Software Engineer
444,Employee 444,employee444@example.com,Marketing Manager
445,Employee 445,employee445@example.com,HR Specialist
446,Employee 446,employee446@example.com,Project Manager
447,Employee 447,employee447@example.com,Sales Executive
448,Employee 448,employee448@example.com,Software Engineer
449,Employee 449,employee449@example.com,DevOps Engineer
450,Employee 450,employee450@example.com,DevOps Engineer
451,Employee 451,employee451@example.com,Software Engineer
452,Employee 452,employee452@example.com,Product Manager
453,Employee 453,employee453@example.com,Sales Executive
454,Employee 454,employee454@example.com,Software Engineer
455,Employee 455,employee455@example.com,DevOps Engineer
456,Employee 456,employee456@example.com,Data Analyst
457,Employee 457,employee457@example.com,Data Analyst
458,Employee 458,employee458@example.com,Project Manager
459,Employee 459,employee459@example.com,Project Manager
460,Employee 460,employee460@example.com,Data Analyst
461,Employee 461,employee461@example.com,Data Analyst
462,Employee 462,employee462@example.com,DevOps Engineer
463,Employee 463,employee463@example.com,Data Analyst
464,Employee 464,employee464@example.com,Marketing Manager
465,Employee 465,employee465@example.com,Project Manager
466,Employee 466,employee466@example.com,Sales Executive
467,Employee 467,employee467@example.com,Sales Executive
468,Employee 468,employee468@example.com,Product Manager
469,Employee 469,employee469@example.com,HR Specialist
470,Employee 470,employee470@example.com,Software Engineer
471,Employee 471,employee471@example.com,Sales Executive
472,Employee 472,employee472@example.com,Marketing Manager
473,Employee 473,employee473@example.com,DevOps Engineer
474,Employee 474,employee474@example.com,HR Specialist
475,Employee 475,employee475@example.com,Marketing Manager
476,Employee 476,employee476@example.com,Product Manager
477,Employee 477,employee477@example.com,Sales Executive
478,Employee 478,employee478@example.com,Sales Executive
479,Employee 479,employee479@example.com,Marketing Manager
480,Employee 480,employee480@example.com,Data Analyst
481,Employee 481,employee481@example.com,Software Engineer
482,Employee 482,employee482@example.com,Software Engineer
483,Employee 483,employee483@example.com,DevOps Engineer
484,Employee 484,employee484@example.com,Project Manager
485,Employee 485,employee485@example.com,HR Specialist
486,Employee 486,employee486@example.com,Sales Executive
487,Employee 487,employee487@example.com,Product Manager
488,Employee 488,employee488@example.com,Data Analyst
489,Employee 489,employee489@example.com,Data Analyst
490,Employee 490,employee490@example.com,DevOps Engineer
491,Employee 491,employee491@example.com,Marketing Manager
492,Employee 492,employee492@example.com,DevOps Engineer
493,Employee 493,employee493@example.com,Marketing Manager
494,Employee 494,employee494@example.com,Data Analyst
495,Employee 495,employee495@example.com,Marketing Manager
496,Employee 496,employee496@example.com,Data Analyst
497,Employee 497,employee497@example.com,Software Engineer
498,Employee 498,employee498@example.com,Marketing Manager
499,Employee 499,employee499@example.com,DevOps Engineer
500,Employee 500,employee500@example.com,Project Manager
501,Employee 501,employee501@example.com,Project Manager
502,Employee 502,employee502@example.com,Marketing Manager
503,Employee 503,employee503@example.com,Sales Executive
504,Employee 504,employee504@example.com,Software Engineer
505,Employee 505,employee505@example.com,DevOps Engineer
506,Employee 506,employee506@example.com,Data Analyst
507,Employee 507,employee507@example.com,Marketing Manager
508,Employee 508,employee508@example.com,Data Analyst
509,Employee 509,employee509@example.com,Data Analyst
510,Employee 510,employee510@example.com,Marketing Manager
511,Employee 511,employee511@example.com,Project Manager
512,Employee 512,employee512@example.com,Software Engineer
513,Employee 513,employee513@example.com,DevOps Engineer
514,Employee 514,employee514@example.com,Product Manager
515,Employee 515,employee515@example.com,Data Analyst
516,Employee 516,employee516@example.com,Sales Executive
517,Employee 517,employee517@example.com,Project Manager
518,Employee 518,employee518@example.com,Marketing Manager
519,Employee 519,employee519@example.com,Sales Executive
520,Employee 520,employee520@example.com,DevOps Engineer
521,Employee 521,employee521@example.com,Project Manager
522,Employee 522,employee522@example.com,Project Manager
523,Employee 523,employee523@example.com,Sales Executive
524,Employee 524,employee524@example.com,Sales Executive
525,Employee 525,employee525@example.com,Project Manager
526,Employee 526,employee526@example.com,Sales Executive
527,Employee 527,employee527@example.com,Product Manager
528,Employee 528,employee528@example.com,Data Analyst
529,Employee 529,employee529@example.com,Data Analyst
530,Employee 530,employee530@example.com,Sales Executive
531,Employee 531,employee531@example.com,Software Engineer
532,Employee 532,employee532@example.com,Software Engineer
533,Employee 533,employee533@example.com,Data Analyst
534,Employee 534,employee534@example.com,Sales Executive
535,Employee 535,employee535@example.com,Software Engineer
536,Employee 536,employee536@example.com,Sales Executive
537,Employee 537,employee537@example.com,Software Engineer
538,Employee 538,employee538@example.com,Sales Executive
539,Employee 539,employee539@example.com,Marketing Manager
540,Employee 540,employee540@example.com,Product Manager
541,Employee 541,employee541@example.com,Data Analyst
542,Employee 542,employee542@example.com,Software Engineer
543,Employee 543,employee543@example.com,Project Manager
544,Employee 544,employee544@example.com,Data Analyst
545,Employee 545,employee545@example.com,Product Manager
546,Employee 546,employee546@example.com,Software Engineer
547,Employee 547,employee547@example.com,Project Manager
548,Employee 548,employee548@example.com,Product Manager
549,Employee 549,employee549@example.com,DevOps Engineer
550,Employee 550,employee550@example.com,Data Analyst
551,Employee 551,employee551@example.com,HR Specialist
552,Employee 552,employee552@example.com,Project Manager
553,Employee 553,employee553@example.com,Project Manager
554,Employee 554,employee554@example.com,DevOps Engineer
555,Employee 555,employee555@example.com,Software Engineer
556,Employee 556,employee556@example.com,HR Specialist
557,Employee 557,employee557@example.com,DevOps Engineer
558,Employee 558,employee558@example.com,Project Manager
559,Employee 559,employee559@example.com,Project Manager
560,Employee 560,employee560@example.com,HR Specialist
561,Employee 561,employee561@example.com,Software Engineer
562,Employee 562,employee562@example.com,Data Analyst
563,Employee 563,employee563@example.com,Product Manager
564,Employee 564,employee564@example.com,DevOps Engineer
565,Employee 565,employee565@example.com,Marketing Manager
566,Employee 566,employee566@example.com,DevOps Engineer
567,Employee 567,employee567@example.com,DevOps Engineer
568,Employee 568,employee568@example.com,HR Specialist
569,Employee 569,employee569@example.com,Project Manager
570,Employee 570,employee570@example.com,HR Specialist
571,Employee 571,employee571@example.com,Software Engineer
572,Employee 572,employee572@example.com,Sales Executive
573,Employee 573,employee573@example.com,Product Manager
574,Employee 574,employee574@example.com,Sales Executive
575,Employee 575,employee575@example.com,Data Analyst
576,Employee 576,employee576@example.com,Marketing Manager
577,Employee 577,employee577@example.com,Project Manager
578,Employee 578,employee578@example.com,Software Engineer
579,Employee 579,employee579@example.com,Data Analyst
580,Employee 580,employee580@example.com,Data Analyst
581,Employee 581,employee581@example.com,Software Engineer
582,Employee 582,employee582@example.com,DevOps Engineer
583,Employee 583,employee583@example.com,DevOps Engineer
584,Employee 584,employee584@example.com,DevOps Engineer
585,Employee 585,employee585@example.com,Project Manager
586,Employee 586,employee586@example.com,DevOps Engineer
587,Employee 587,employee587@example.com,Project Manager
588,Employee 588,employee588@example.com,Software Engineer
589,Employee 589,employee589@example.com,Sales Executive
590,Employee 590,employee590@example.com,HR Specialist
591,Employee 591,employee591@example.com,Product Manager
592,Employee 592,employee592@example.com,Data Analyst
593,Employee 593,employee593@example.com,DevOps Engineer
594,Employee 594,employee594@example.com,Product Manager
595,Employee 595,employee595@example.com,DevOps Engineer
596,Employee 596,employee596@example.com,Software Engineer
597,Employee 597,employee597@example.com,Software Engineer
598,Employee 598,employee598@example.com,Software Engineer
599,Employee 599,employee599@example.com,Data Analyst
600,Employee 600,employee600@example.com,HR Specialist
601,Employee 601,employee601@example.com,Product Manager
602,Employee 602,employee602@example.com,Product Manager
603,Employee 603,employee603@example.com,Product Manager
604,Employee 604,employee604@example.com,Software Engineer
605,Employee 605,employee605@example.com,DevOps Engineer
606,Employee 606,employee606@example.com,Project Manager
607,Employee 607,employee607@example.com,Project Manager
608,Employee 608,employee608@example.com,Software Engineer
609,Employee 609,employee609@example.com,Marketing Manager
610,Employee 610,employee610@example.com,Software Engineer
611,Employee 611,employee611@example.com,Data Analyst
612,Employee 612,employee612@example.com,Software Engineer
613,Employee 613,employee613@example.com,Project Manager
614,Employee 614,employee614@example.com,Software Engineer
615,Employee 615,employee615@example.com,Software Engineer
616,Employee 616,employee616@example.com,DevOps Engineer
617,Employee 617,employee617@example.com,Project Manager
618,Employee 618,employee618@example.com,Marketing Manager
619,Employee 619,employee619@example.com,Software Engineer
620,Employee 620,employee620@example.com,Sales Executive
621,Employee 621,employee621@example.com,Software Engineer
622,Employee 622,employee622@example.com,DevOps Engineer
623,Employee 623,employee623@example.com,Software Engineer
624,Employee 624,employee624@example.com,DevOps Engineer
625,Employee 625,employee625@example.com,Marketing Manager
626,Employee 626,employee626@example.com,Project Manager
627,Employee 627,employee627@example.com,Marketing Manager
628,Employee 628,employee628@example.com,Software Engineer
629,Employee 629,employee629@example.com,DevOps Engineer
630,Employee 630,employee630@example.com,Project Manager
631,Employee 631,employee631@example.com,Marketing Manager
632,Employee 632,employee632@example.com,Product Manager
633,Employee 633,employee633@example.com,Software Engineer
634,Employee 634,employee634@example.com,HR Specialist
635,Employee 635,employee635@example.com,Data Analyst
636,Employee 636,employee636@example.com,DevOps Engineer
637,Employee 637,employee637@example.com,Data Analyst
638,Employee 638,employee638@example.com,HR Specialist
639,Employee 639,employee639@example.com,Software Engineer
640,Employee 640,employee640@example.com,DevOps Engineer
641,Employee 641,employee641@example.com,Marketing Manager
642,Employee 642,employee642@example.com,Data Analyst
643,Employee 643,employee643@example.com,Data Analyst
644,Employee 644,employee644@example.com,HR Specialist
645,Employee 645,employee645@example.com,Data Analyst
646,Employee 646,employee646@example.com,Software Engineer
647,Employee 647,employee647@example.com,Software Engineer
648,Employee 648,employee648@example.com,Marketing Manager
649,Employee 649,employee649@example.com,DevOps Engineer
650,Employee 650,employee650@example.com,Sales Executive
651,Employee 651,employee651@example.com,HR Specialist
652,Employee 652,employee652@example.com,Marketing Manager
653,Employee 653,employee653@example.com,Project Manager
654,Employee 654,employee654@example.com,Product Manager
655,Employee 655,employee655@example.com,Sales Executive
656,Employee 656,employee656@example.com,Product Manager
657,Employee 657,employee657@example.com,Data Analyst
658,Employee 658,employee658@example.com,Sales Executive
659,Employee 659,employee659@example.com,Marketing Manager
660,Employee 660,employee660@example.com,HR Specialist
661,Employee 661,employee661@example.com,Software Engineer
662,Employee 662,employee662@example.com,HR Specialist
663,Employee 663,employee663@example.com,Data Analyst
664,Employee 664,employee664@example.com,Product Manager
665,Employee 665,employee665@example.com,Sales Executive
666,Employee 666,employee666@example.com,Product Manager
667,Employee 667,employee667@example.com,HR Specialist
668,Employee 668,employee668@example.com,HR Specialist
669,Employee 669,employee669@example.com,DevOps Engineer
670,Employee 670,employee670@example.com,Product Manager
671,Employee 671,employee671@example.com,HR Specialist
672,Employee 672,employee672@example.com,Software Engineer
673,Employee 673,employee673@example.com,Project Manager
674,Employee 674,employee674@example.com,Project Manager
675,Employee 675,employee675@example.com,Marketing Manager
676,Employee 676,employee676@example.com,Software Engineer
677,Employee 677,employee677@example.com,Product Manager
678,Employee 678,employee678@example.com,Sales Executive
679,Employee 679,employee679@example.com,Sales Executive
680,Employee 680,employee680@example.com,HR Specialist
681,Employee 681,employee681@example.com,Project Manager
682,Employee 682,employee682@example.com,DevOps Engineer
683,Employee 683,employee683@example.com,Data Analyst
684,Employee 684,employee684@example.com,Data Analyst
685,Employee 685,employee685@example.com,Sales Executive
686,Employee 686,employee686@example.com,Project Manager
687,Employee 687,employee687@example.com,Project Manager
688,Employee 688,employee688@example.com,DevOps Engineer
689,Employee 689,employee689@example.com,Software Engineer
690,Employee 690,employee690@example.com,Software Engineer
691,Employee 691,employee691@example.com,DevOps Engineer
692,Employee 692,employee692@example.com,Project Manager
693,Employee 693,employee693@example.com,HR Specialist
694,Employee 694,employee694@example.com,Software Engineer
695,Employee 695,employee695@example.com,HR Specialist
696,Employee 696,employee696@example.com,Marketing Manager
697,Employee 697,employee697@example.com,DevOps Engineer
698,Employee 698,employee698@example.com,Product Manager
699,Employee 699,employee699@example.com,DevOps Engineer
700,Employee 700,employee700@example.com,Project Manager
701,Employee 701,employee701@example.com,Data Analyst
702,Employee 702,employee702@example.com,DevOps Engineer
703,Employee 703,employee703@example.com,Sales Executive
704,Employee 704,employee704@example.com,Product Manager
705,Employee 705,employee705@example.com,HR Specialist
706,Employee 706,employee706@example.com,Data Analyst
707,Employee 707,employee707@example.com,Marketing Manager
708,Employee 708,employee708@example.com,Software Engineer
709,Employee 709,employee709@example.com,Product Manager
710,Employee 710,employee710@example.com,Project Manager
711,Employee 711,employee711@example.com,Software Engineer
712,Employee 712,employee712@example.com,HR Specialist
713,Employee 713,employee713@example.com,Marketing Manager
714,Employee 714,employee714@example.com,Product Manager
715,Employee 715,employee715@example.com,Project Manager
716,Employee 716,employee716@example.com,Data Analyst
717,Employee 717,employee717@example.com,Product Manager
718,Employee 718,employee718@example.com,Project Manager
719,Employee 719,employee719@example.com,DevOps Engineer
720,Employee 720,employee720@example.com,Sales Executive
721,Employee 721,employee721@example.com,Project Manager
722,Employee 722,employee722@example.com,Sales Executive
723,Employee 723,employee723@example.com,DevOps Engineer
724,Employee 724,employee724@example.com,Product Manager
725,Employee 725,employee725@example.com,Software Engineer
726,Employee 726,employee726@example.com,Software Engineer
727,Employee 727,employee727@example.com,Sales Executive
728,Employee 728,employee728@example.com,Project Manager
729,Employee 729,employee729@example.com,Marketing Manager
730,Employee 730,employee730@example.com,Sales Executive
731,Employee 731,employee731@example.com,HR Specialist
732,Employee 732,employee732@example.com,Sales Executive
733,Employee 733,employee733@example.com,Project Manager
734,Employee 734,employee734@example.com,Software Engineer
735,Employee 735,employee735@example.com,Data Analyst
736,Employee 736,employee736@example.com,Marketing Manager
737,Employee 737,employee737@example.com,Project Manager
738,Employee 738,employee738@example.com,Software Engineer
739,Employee 739,employee739@example.com,Product Manager
740,Employee 740,employee740@example.com,DevOps Engineer
741,Employee 741,employee741@example.com,HR Specialist
742,Employee 742,employee742@example.com,Product Manager
743,Employee 743,employee743@example.com,Project Manager
744,Employee 744,employee744@example.com,Project Manager
745,Employee 745,employee745@example.com,Sales Executive
746,Employee 746,employee746@example.com,DevOps Engineer
747,Employee 747,employee747@example.com,Sales Executive
748,Employee 748,employee748@example.com,Marketing Manager
749,Employee 749,employee749@example.com,Project Manager
750,Employee 750,employee750@example.com,Product Manager
751,Employee 751,employee751@example.com,HR Specialist
752,Employee 752,employee752@example.com,HR Specialist
753,Employee 753,employee753@example.com,DevOps Engineer
754,Employee 754,employee754@example.com,Marketing Manager
755,Employee 755,employee755@example.com,Product Manager
756,Employee 756,employee756@example.com,HR Specialist
757,Employee 757,employee757@example.com,DevOps Engineer
758,Employee 758,employee758@example.com,DevOps Engineer
759,Employee 759,employee759@example.com,DevOps Engineer
760,Employee 760,employee760@example.com,Software Engineer
761,Employee 761,employee761@example.com,Project Manager
762,Employee 762,employee762@example.com,Sales Executive
763,Employee 763,employee763@example.com,Marketing Manager
764,Employee 764,employee764@example.com,Data Analyst
765,Employee 765,employee765@example.com,Software Engineer
766,Employee 766,employee766@example.com,Software Engineer
767,Employee 767,employee767@example.com,Data Analyst
768,Employee 768,employee768@example.com,HR Specialist
769,Employee 769,employee769@example.com,Data Analyst
770,Employee 770,employee770@example.com,Product Manager
771,Employee 771,employee771@example.com,HR Specialist
772,Employee 772,employee772@example.com,Data Analyst
773,Employee 773,employee773@example.com,Data Analyst
774,Employee 774,employee774@example.com,DevOps Engineer
775,Employee 775,employee775@example.com,DevOps Engineer
776,Employee 776,employee776@example.com,Software Engineer
777,Employee 777,employee777@example.com,Software Engineer
778,Employee 778,employee778@example.com,HR Specialist
779,Employee 779,employee779@example.com,HR Specialist
780,Employee 780,employee780@example.com,DevOps Engineer
781,Employee 781,employee781@example.com,Software Engineer
782,Employee 782,employee782@example.com,Project Manager
783,Employee 783,employee783@example.com,Marketing Manager
784,Employee 784,employee784@example.com,Project Manager
785,Employee 785,employee785@example.com,Product Manager
786,Employee 786,employee786@example.com,Data Analyst
787,Employee 787,employee787@example.com,Sales Executive
788,Employee 788,employee788@example.com,Data Analyst
789,Employee 789,employee789@example.com,Marketing Manager
790,Employee 790,employee790@example.com,HR Specialist
791,Employee 791,employee791@example.com,Project Manager
792,Employee 792,employee792@example.com,Sales Executive
793,Employee 793,employee793@example.com,Sales Executive
794,Employee 794,employee794@example.com,Data Analyst
795,Employee 795,employee795@example.com,Project Manager
796,Employee 796,employee796@example.com,HR Specialist
797,Employee 797,employee797@example.com,Sales Executive
798,Employee 798,employee798@example.com,Product Manager
799,Employee 799,employee799@example.com,Software Engineer
800,Employee 800,employee800@example.com,Data Analyst
801,Employee 801,employee801@example.com,HR Specialist
802,Employee 802,employee802@example.com,Marketing Manager
803,Employee 803,employee803@example.com,Product Manager
804,Employee 804,employee804@example.com,DevOps Engineer
805,Employee 805,employee805@example.com,Project Manager
806,Employee 806,employee806@example.com,DevOps Engineer
807,Employee 807,employee807@example.com,Software Engineer
808,Employee 808,employee808@example.com,DevOps Engineer
809,Employee 809,employee809@example.com,Marketing Manager
810,Employee 810,employee810@example.com,Data Analyst
811,Employee 811,employee811@example.com,Marketing Manager
812,Employee 812,employee812@example.com,Marketing Manager
813,Employee 813,employee813@example.com,HR Specialist
814,Employee 814,employee814@example.com,Software Engineer
815,Employee 815,employee815@example.com,Product Manager
816,Employee 816,employee816@example.com,Software Engineer
817,Employee 817,employee817@example.com,Product Manager
818,Employee 818,employee818@example.com,Project Manager
819,Employee 819,employee819@example.com,DevOps Engineer
820,Employee 820,employee820@example.com,Project Manager
821,Employee 821,employee821@example.com,Sales Executive
822,Employee 822,employee822@example.com,Product Manager
823,Employee 823,employee823@example.com,HR Specialist
824,Employee 824,employee824@example.com,HR Specialist
825,Employee 825,employee825@example.com,HR Specialist
826,Employee 826,employee826@example.com,Sales Executive
827,Employee 827,employee827@example.com,Data Analyst
828,Employee 828,employee828@example.com,DevOps Engineer
829,Employee 829,employee829@example.com,Marketing Manager
830,Employee 830,employee830@example.com,Software Engineer
831,Employee 831,employee831@example.com,HR Specialist
832,Employee 832,employee832@example.com,Sales Executive
833,Employee 833,employee833@example.com,Data Analyst
834,Employee 834,employee834@example.com,Project Manager
835,Employee 835,employee835@example.com,HR Specialist
836,Employee 836,employee836@example.com,Project Manager
837,Employee 837,employee837@example.com,DevOps Engineer
838,Employee 838,employee838@example.com,Data Analyst
839,Employee 839,employee839@example.com,DevOps Engineer
840,Employee 840,employee840@example.com,DevOps Engineer
841,Employee 841,employee841@example.com,Software Engineer
842,Employee 842,employee842@example.com,HR Specialist
843,Employee 843,employee843@example.com,Data Analyst
844,Employee 844,employee844@example.com,Marketing Manager
845,Employee 845,employee845@example.com,Data Analyst
846,Employee 846,employee846@example.com,Marketing Manager
847,Employee 847,employee847@example.com,Sales Executive
848,Employee 848,employee848@example.com,Software Engineer
849,Employee 849,employee849@example.com,DevOps Engineer
850,Employee 850,employee850@example.com,Data Analyst
851,Employee 851,employee851@example.com,Product Manager
852,Employee 852,employee852@example.com,Software Engineer
853,Employee 853,employee853@example.com,Software Engineer
854,Employee 854,employee854@example.com,Software Engineer
855,Employee 855,employee855@example.com,Project Manager
856,Employee 856,employee856@example.com,Marketing Manager
857,Employee 857,employee857@example.com,Software Engineer
858,Employee 858,employee858@example.com,Marketing Manager
859,Employee 859,employee859@example.com,Data Analyst
860,Employee 860,employee860@example.com,Marketing Manager
861,Employee 861,employee861@example.com,Product Manager
862,Employee 862,employee862@example.com,HR Specialist
863,Employee 863,employee863@example.com,Software Engineer
864,Employee 864,employee864@example.com,Product Manager
865,Employee 865,employee865@example.com,Software Engineer
866,Employee 866,employee866@example.com,Sales Executive
867,Employee 867,employee867@example.com,Product Manager
868,Employee 868,employee868@example.com,HR Specialist
869,Employee 869,employee869@example.com,Project Manager
870,Employee 870,employee870@example.com,Sales Executive
871,Employee 871,employee871@example.com,Sales Executive
872,Employee 872,employee872@example.com,Product Manager
873,Employee 873,employee873@example.com,HR Specialist
874,Employee 874,employee874@example.com,Sales Executive
875,Employee 875,employee875@example.com,HR Specialist
876,Employee 876,employee876@example.com,HR Specialist
877,Employee 877,employee877@example.com,Product Manager
878,Employee 878,employee878@example.com,DevOps Engineer
879,Employee 879,employee879@example.com,Software Engineer
880,Employee 880,employee880@example.com,Software Engineer
881,Employee 881,employee881@example.com,DevOps Engineer
882,Employee 882,employee882@example.com,Software Engineer
883,Employee 883,employee883@example.com,HR Specialist
884,Employee 884,employee884@example.com,Project Manager
885,Employee 885,employee885@example.com,Sales Executive
886,Employee 886,employee886@example.com,Project Manager
887,Employee 887,employee887@example.com,Product Manager
888,Employee 888,employee888@example.com,Product Manager
889,Employee 889,employee889@example.com,Marketing Manager
890,Employee 890,employee890@example.com,Marketing Manager
891,Employee 891,employee891@example.com,Data Analyst
892,Employee 892,employee892@example.com,Sales Executive
893,Employee 893,employee893@example.com,HR Specialist
894,Employee 894,employee894@example.com,HR Specialist
895,Employee 895,employee895@example.com,HR Specialist
896,Employee 896,employee896@example.com,DevOps Engineer
897,Employee 897,employee897@example.com,Sales Executive
898,Employee 898,employee898@example.com,Project Manager
899,Employee 899,employee899@example.com,DevOps Engineer
900,Employee 900,employee900@example.com,DevOps Engineer
901,Employee 901,employee901@example.com,Software Engineer
902,Employee 902,employee902@example.com,Project Manager
903,Employee 903,employee903@example.com,Sales Executive
904,Employee 904,employee904@example.com,Project Manager
905,Employee 905,employee905@example.com,Data Analyst
906,Employee 906,employee906@example.com,HR Specialist
907,Employee 907,employee907@example.com,Sales Executive
908,Employee 908,employee908@example.com,Project Manager
909,Employee 909,employee909@example.com,Sales Executive
910,Employee 910,employee910@example.com,Product Manager
911,Employee 911,employee911@example.com,Software Engineer
912,Employee 912,employee912@example.com,HR Specialist
913,Employee 913,employee913@example.com,Data Analyst
914,Employee 914,employee914@example.com,DevOps Engineer
915,Employee 915,employee915@example.com,Project Manager
916,Employee 916,employee916@example.com,HR Specialist
917,Employee 917,employee917@example.com,HR Specialist
918,Employee 918,employee918@example.com,DevOps Engineer
919,Employee 919,employee919@example.com,Sales Executive
920,Employee 920,employee920@example.com,Software Engineer
921,Employee 921,employee921@example.com,Project Manager
922,Employee 922,employee922@example.com,Software Engineer
923,Employee 923,employee923@example.com,Software Engineer
924,Employee 924,employee924@example.com,Data Analyst
925,Employee 925,employee925@example.com,Software Engineer
926,Employee 926,employee926@example.com,Product Manager
927,Employee 927,employee927@example.com,Marketing Manager
928,Employee 928,employee928@example.com,DevOps Engineer
929,Employee 929,employee929@example.com,Project Manager
930,Employee 930,employee930@example.com,HR Specialist
931,Employee 931,employee931@example.com,Sales Executive
932,Employee 932,employee932@example.com,Marketing Manager
933,Employee 933,employee933@example.com,Software Engineer
934,Employee 934,employee934@example.com,Product Manager
935,Employee 935,employee935@example.com,Project Manager
936,Employee 936,employee936@example.com,Project Manager
937,Employee 937,employee937@example.com,DevOps Engineer
938,Employee 938,employee938@example.com,Product Manager
939,Employee 939,employee939@example.com,Marketing Manager
940,Employee 940,employee940@example.com,HR Specialist
941,Employee 941,employee941@example.com,Software Engineer
942,Employee 942,employee942@example.com,Marketing Manager
943,Employee 943,employee943@example.com,Software Engineer
944,Employee 944,employee944@example.com,Sales Executive
945,Employee 945,employee945@example.com,Sales Executive
946,Employee 946,employee946@example.com,Sales Executive
947,Employee 947,employee947@example.com,HR Specialist
948,Employee 948,employee948@example.com,HR Specialist
949,Employee 949,employee949@example.com,Sales Executive
950,Employee 950,employee950@example.com,Sales Executive
951,Employee 951,employee951@example.com,Project Manager
952,Employee 952,employee952@example.com,Data Analyst
953,Employee 953,employee953@example.com,Software Engineer
954,Employee 954,employee954@example.com,HR Specialist
955,Employee 955,employee955@example.com,HR Specialist
956,Employee 956,employee956@example.com,Data Analyst
957,Employee 957,employee957@example.com,Software Engineer
958,Employee 958,employee958@example.com,Data Analyst
959,Employee 959,employee959@example.com,HR Specialist
960,Employee 960,employee960@example.com,HR Specialist
961,Employee 961,employee961@example.com,HR Specialist
962,Employee 962,employee962@example.com,Project Manager
963,Employee 963,employee963@example.com,HR Specialist
964,Employee 964,employee964@example.com,HR Specialist
965,Employee 965,employee965@example.com,Marketing Manager
966,Employee 966,employee966@example.com,Data Analyst
967,Employee 967,employee967@example.com,Sales Executive
968,Employee 968,employee968@example.com,Data Analyst
969,Employee 969,employee969@example.com,Marketing Manager
970,Employee 970,employee970@example.com,Product Manager
971,Employee 971,employee971@example.com,DevOps Engineer
972,Employee 972,employee972@example.com,Sales Executive
973,Employee 973,employee973@example.com,HR Specialist
974,Employee 974,employee974@example.com,Product Manager
975,Employee 975,employee975@example.com,Software Engineer
976,Employee 976,employee976@example.com,Data Analyst
977,Employee 977,employee977@example.com,Software Engineer
978,Employee 978,employee978@example.com,Data Analyst
979,Employee 979,employee979@example.com,HR Specialist
980,Employee 980,employee980@example.com,DevOps Engineer
981,Employee 981,employee981@example.com,DevOps Engineer
982,Employee 982,employee982@example.com,Project Manager
983,Employee 983,employee983@example.com,HR Specialist
984,Employee 984,employee984@example.com,Product Manager
985,Employee 985,employee985@example.com,Sales Executive
986,Employee 986,employee986@example.com,DevOps Engineer
987,Employee 987,employee987@example.com,Project Manager
988,Employee 988,employee988@example.com,Project Manager
989,Employee 989,employee989@example.com,HR Specialist
990,Employee 990,employee990@example.com,Marketing Manager
991,Employee 991,employee991@example.com,Software Engineer
992,Employee 992,employee992@example.com,Software Engineer
993,Employee 993,employee993@example.com,Marketing Manager
994,Employee 994,employee994@example.com,HR Specialist
995,Employee 995,employee995@example.com,DevOps Engineer
996,Employee 996,employee996@example.com,Project Manager
997,Employee 997,employee997@example.com,Software Engineer
998,Employee 998,employee998@example.com,Project Manager
999,Employee 999,employee999@example.com,HR Specialist
1000,Employee 1000,employee1000@example.com,Product Manager
1001,Employee 1001,employee1001@example.com,DevOps Engineer
1002,Employee 1002,employee1002@example.com,Data Analyst
1003,Employee 1003,employee1003@example.com,Project Manager
1004,Employee 1004,employee1004@example.com,Sales Executive
1005,Employee 1005,employee1005@example.com,Project Manager
1006,Employee 1006,employee1006@example.com,Software Engineer
1007,Employee 1007,employee1007@example.com,Product Manager
1008,Employee 1008,employee1008@example.com,Software Engineer
1009,Employee 1009,employee1009@example.com,Project Manager
1010,Employee 1010,employee1010@example.com,Software Engineer
1011,Employee 1011,employee1011@example.com,Data Analyst
1012,Employee 1012,employee1012@example.com,DevOps Engineer
1013,Employee 1013,employee1013@example.com,Data Analyst
1014,Employee 1014,employee1014@example.com,HR Specialist
1015,Employee 1015,employee1015@example.com,Sales Executive
1016,Employee 1016,employee1016@example.com,Software Engineer
1017,Employee 1017,employee1017@example.com,Marketing Manager
1018,Employee 1018,employee1018@example.com,DevOps Engineer
1019,Employee 1019,employee1019@example.com,Project Manager
1020,Employee 1020,employee1020@example.com,Sales Executive
1021,Employee 1021,employee1021@example.com,Data Analyst
1022,Employee 1022,employee1022@example.com,Product Manager
1023,Employee 1023,employee1023@example.com,Data Analyst
1024,Employee 1024,employee1024@example.com,Sales Executive
1025,Employee 1025,employee1025@example.com,Data Analyst
1026,Employee 1026,employee1026@example.com,Sales Executive
1027,Employee 1027,employee1027@example.com,Project Manager
1028,Employee 1028,employee1028@example.com,Marketing Manager
1029,Employee 1029,employee1029@example.com,Marketing Manager
1030,Employee 1030,employee1030@example.com,Software Engineer
1031,Employee 1031,employee1031@example.com,HR Specialist
1032,Employee 1032,employee1032@example.com,Sales Executive
1033,Employee 1033,employee1033@example.com,DevOps Engineer
1034,Employee 1034,employee1034@example.com,Software Engineer
1035,Employee 1035,employee1035@example.com,HR Specialist
1036,Employee 1036,employee1036@example.com,Marketing Manager
1037,Employee 1037,employee1037@example.com,Data Analyst
1038,Employee 1038,employee1038@example.com,DevOps Engineer
1039,Employee 1039,employee1039@example.com,Project Manager
1040,Employee 1040,employee1040@example.com,HR Specialist
1041,Employee 1041,employee1041@example.com,HR Specialist
1042,Employee 1042,employee1042@example.com,Sales Executive
1043,Employee 1043,employee1043@example.com,Product Manager
1044,Employee 1044,employee1044@example.com,Data Analyst
1045,Employee 1045,employee1045@example.com,Sales Executive
1046,Employee 1046,employee1046@example.com,Data Analyst
1047,Employee 1047,employee1047@example.com,Software Engineer
1048,Employee 1048,employee1048@example.com,Project Manager
1049,Employee 1049,employee1049@example.com,HR Specialist
1050,Employee 1050,employee1050@example.com,DevOps Engineer
1051,Employee 1051,employee1051@example.com,DevOps Engineer
1052,Employee 1052,employee1052@example.com,Software Engineer
1053,Employee 1053,employee1053@example.com,Product Manager
1054,Employee 1054,employee1054@example.com,HR Specialist
1055,Employee 1055,employee1055@example.com,Project Manager
1056,Employee 1056,employee1056@example.com,Product Manager
1057,Employee 1057,employee1057@example.com,Product Manager
1058,Employee 1058,employee1058@example.com,HR Specialist
1059,Employee 1059,employee1059@example.com,DevOps Engineer
1060,Employee 1060,employee1060@example.com,Software Engineer
1061,Employee 1061,employee1061@example.com,Software Engineer
1062,Employee 1062,employee1062@example.com,Data Analyst
1063,Employee 1063,employee1063@example.com,Software Engineer
1064,Employee 1064,employee1064@example.com,Product Manager
1065,Employee 1065,employee1065@example.com,Marketing Manager
1066,Employee 1066,employee1066@example.com,Software Engineer
1067,Employee 1067,employee1067@example.com,Data Analyst
1068,Employee 1068,employee1068@example.com,Marketing Manager
1069,Employee 1069,employee1069@example.com,Product Manager
1070,Employee 1070,employee1070@example.com,DevOps Engineer
1071,Employee 1071,employee1071@example.com,Data Analyst
1072,Employee 1072,employee1072@example.com,Product Manager
1073,Employee 1073,employee1073@example.com,Sales Executive
1074,Employee 1074,employee1074@example.com,DevOps Engineer
1075,Employee 1075,employee1075@example.com,Software Engineer
1076,Employee 1076,employee1076@example.com,HR Specialist
1077,Employee 1077,employee1077@example.com,Sales Executive
1078,Employee 1078,employee1078@example.com,Project Manager
1079,Employee 1079,employee1079@example.com,Sales Executive
1080,Employee 1080,employee1080@example.com,Software Engineer
1081,Employee 1081,employee1081@example.com,Marketing Manager
1082,Employee 1082,employee1082@example.com,DevOps Engineer
1083,Employee 1083,employee1083@example.com,DevOps Engineer
1084,Employee 1084,employee1084@example.com,Marketing Manager
1085,Employee 1085,employee1085@example.com,Project Manager
1086,Employee 1086,employee1086@example.com,Product Manager
1087,Employee 1087,employee1087@example.com,Sales Executive
1088,Employee 1088,employee1088@example.com,Sales Executive
1089,Employee 1089,employee1089@example.com,Software Engineer
1090,Employee 1090,employee1090@example.com,Data Analyst
1091,Employee 1091,employee1091@example.com,Software Engineer
1092,Employee 1092,employee1092@example.com,HR Specialist
1093,Employee 1093,employee1093@example.com,HR Specialist
1094,Employee 1094,employee1094@example.com,Sales Executive
1095,Employee 1095,employee1095@example.com,Marketing Manager
1096,Employee 1096,employee1096@example.com,Software Engineer
1097,Employee 1097,employee1097@example.com,DevOps Engineer
1098,Employee 1098,employee1098@example.com,DevOps Engineer
1099,Employee 1099,employee1099@example.com,DevOps Engineer
1100,Employee 1100,employee1100@example.com,Product Manager
